Auto Aligned,Binding Type,Initial Aligned Version,Aligned Note,Manual Inspection Notes,Binding?,Related?,Official?,Main package?,ID,Host Repo IDs,Type,Platform,Name,Repository URL,First Version Date,Versions Count,Binding Host,Description,Repository Name with Owner,Repository Description,Keywords,Licenses,Dependent Projects Count,Status,Dependent Repositories Count,Repository ID,Repository Host Type,Repository Fork?,Repository Stars Count,Repository License,Repository Status,Repository Keywords,Binding Host Normalized,Binding Host Normalized - No Space
main,,,,,TRUE,TRUE,TRUE,TRUE,353059,165170,Linked Binding,Maven,org.deeplearning4j:deeplearning4j-core,https://github.com/deeplearning4j/deeplearning4j,2014-02-22 18:54:22,47,,DeepLearning for java,eclipse/deeplearning4j,"Eclipse Deeplearning4j, ND4J, DataVec and more - deep learning & linear algebra for Java/Scala with GPUs + Spark",,Apache-2.0,30,,660,165170,GitHub,FALSE,11328,Apache-2.0,,"artificial-intelligence,clojure,deeplearning,deeplearning4j,dl4j,gpu,hadoop,intellij,java,linear-algebra,matrix-library,neural-nets,python,scala,spark",,
Y,,,,"one ecosystem, two bindings",TRUE,TRUE,TRUE,,3122840,165170,Binding,Maven,org.deeplearning4j:scalnet_2.11,https://github.com/deeplearning4j/ScalNet,2016-09-17 3:30:47,10,Deeplearning4j,"A Scala wrapper for Deeplearning4j, inspired by Keras. Scala + DL + Spark + GPUs",deeplearning4j/ScalNet,"A Scala wrapper for Deeplearning4j, inspired by Keras. Scala + DL + Spark + GPUs",,Apache-2.0,0,,0,13230470,GitHub,FALSE,326,Apache-2.0,Unmaintained,"deeplearning,deeplearning4j,nd4j,sbt,scala,spark",deeplearning4j,deeplearning4j
N,,,look dep info in https://clojars.org/hswick/jutsu.ai,,TRUE,FALSE,FALSE,,3581741,165170,Binding,Clojars,hswick/jutsu.ai,,2019-01-09 0:05:40,12,deeplearning4j,Clojure wrapper for deeplearning4j intended to make machine learning on the JVM simpler,,,,,0,,0,,,,,,,,deeplearning4j,deeplearning4j
main,,,,,TRUE,FALSE,TRUE,TRUE,2239255,168500,Binding,Maven,org.alluxio:alluxio-core-client,,2016-02-23 9:08:55,13,Alluxio,Distribution of client for Alluxio core,,,,,5,,10,,,,,,,,alluxio,alluxio
N,,,,official without link,TRUE,FALSE,FALSE,,2424129,168500,Binding,Pypi,alluxio,https://github.com/TachyonNexus/alluxio-py,2017-09-07 3:18:39,2,Alluxio,Alluxio python client,,,,,0,,0,,,,,,,,alluxio,alluxio
N,,,"add a dash after the version number, check https://github.com/dmlc/xgboost/blob/v0.40/R-package/DESCRIPTION and https://github.com/dmlc/xgboost/blob/v0.40/CHANGES.md",,TRUE,TRUE,TRUE,,689683,339654,Project,CRAN,xgboost,https://github.com/dmlc/xgboost,2014-09-01 19:47:00,19,,Extreme Gradient Boosting,dmlc/xgboost,"Scalable, Portable and Distributed Gradient Boosting (GBDT, GBRT or GBM) Library,  for Python, R, Java, Scala, C++ and more. Runs on single machine, Hadoop, Spark, Flink and DataFlow",,Apache-2.0,59,,128,339654,GitHub,FALSE,17996,Apache-2.0,,"distributed-systems,gbdt,gbm,gbrt,machine-learning,xgboost",,
Y,,,"more pre-releases, https://pypi.org/project/xgboost/#history",,TRUE,TRUE,TRUE,,932668,339654,Linked Binding,Pypi,xgboost,https://github.com/dmlc/xgboost,2015-08-16 5:59:43,33,,XGBoost Python Package,dmlc/xgboost,"Scalable, Portable and Distributed Gradient Boosting (GBDT, GBRT or GBM) Library,  for Python, R, Java, Scala, C++ and more. Runs on single machine, Hadoop, Spark, Flink and DataFlow",,Apache-2.0,0,,796,339654,GitHub,FALSE,17996,Apache-2.0,,"distributed-systems,gbdt,gbm,gbrt,machine-learning,xgboost",,
N,,,,,TRUE,FALSE,FALSE,,1985474,339654,Binding,NuGet,FooCorp.TestXGB,https://github.com/PicNet/XGBoost.Net,2016-12-06 2:56:48,6,XGBoost,.Net wrapper for the XGBoost machine learning library.,PicNet/XGBoost.Net,.Net wrappers for the awesome XGBoost library,"boosted,learning,tree,machine,xgboost",Apache-2.0,0,,0,16469151,GitHub,FALSE,33,Apache-2.0,,,xgboost,xgboost
N,,,"1, alignment not found https://github.com/sighingnow/xgboost-haskell",,TRUE,FALSE,FALSE,,2497394,339654,Binding,Hackage,xgboost-haskell,https://github.com/sighingnow/xgboost-haskell,2017-10-19 11:40:14,1,XGBoost,"XGBoost library for Haskell via FFI binding, on top of foundation.",sighingnow/xgboost-haskell,XGBoost for Haskell via FFI.,"development,library,mit,program,Propose Tags ,ML.DMLC.XGBoost,ML.DMLC.XGBoost.Exception,ML.DMLC.XGBoost.FFI,ML.DMLC.XGBoost.Rabit.FFI,foundation",MIT,0,,0,29431447,GitHub,FALSE,3,MIT,,"ffi-bindings,haskell,machine-learning,xgboost",xgboost,xgboost
N,,,https://github.com/ankane/xgboost-ruby/blob/v0.2.0/Rakefile,licence matching,TRUE,FALSE,FALSE,,2514913,339654,Binding,Rubygems,xgboost,https://github.com/paironair/xgboost-ruby,2017-11-03 18:55:01,3,XGBoost,Ruby binding for XGBoost,PairOnAir/xgboost-ruby,,,MIT,0,,0,30096717,GitHub,FALSE,3,MIT,,,xgboost,xgboost
N,,,,,TRUE,FALSE,FALSE,,3379472,339654,Binding,Clojars,techascent/tech.xgboost,https://github.com/tech-ascent/tech.xgboost,2018-11-05 1:02:40,29,XGBoost,XGBoost bindings for clojure,techascent/tech.xgboost,Simple xgboost bindings,,EPL-1.0,0,,2,36874403,GitHub,FALSE,2,EPL-1.0,,,xgboost,xgboost
Y,,,"more releases, what a mess before 3.10.4.5","readme (https://github.com/h2oai/h2o-3?tab=readme-ov-file) says: ""Note: Stable H2O-3 artifacts are periodically published to Maven Central (click here to search) but may substantially lag behind H2O-3 Bleeding Edge nightly builds.""",TRUE,TRUE,TRUE,TRUE,334746,527263,Linked Binding,Pypi,h2o,https://github.com/h2oai/h2o-3,2015-01-29 8:02:41,96,,"H2O, Fast Scalable Machine Learning, for python",h2oai/h2o-3,"Open Source Fast Scalable Machine Learning Platform For Smarter Applications: Deep Learning, Gradient Boosting & XGBoost, Random Forest, Generalized Linear Modeling (Logistic Regression, Elastic Net), K-Means, PCA, Stacked Ensembles, Automatic Machine Learning (AutoML), etc.","machine learning,data mining,statistical analysis,modeling,big data,distributed,parallel",Apache-2.0,0,,59,527263,GitHub,FALSE,4513,Apache-2.0,,"automatic,big-data,data-science,deep-learning,distributed,ensemble-learning,gbm,gpu,h2o,hadoop,java,machine-learning,multi-threading,naive-bayes,opensource,pca,python,r,random-forest,spark",,
Y,,,selected 29 out of 106 releases,,TRUE,TRUE,TRUE,,687710,527263,Linked Binding,CRAN,h2o,https://github.com/h2oai/h2o-3,2014-06-17 23:04:00,29,,R Interface for 'H2O',h2oai/h2o-3,"Open Source Fast Scalable Machine Learning Platform For Smarter Applications: Deep Learning, Gradient Boosting & XGBoost, Random Forest, Generalized Linear Modeling (Logistic Regression, Elastic Net), K-Means, PCA, Stacked Ensembles, Automatic Machine Learning (AutoML), etc.",,Apache-2.0,12,,62,527263,GitHub,FALSE,4513,Apache-2.0,,"automatic,big-data,data-science,deep-learning,distributed,ensemble-learning,gbm,gpu,h2o,hadoop,java,machine-learning,multi-threading,naive-bayes,opensource,pca,python,r,random-forest,spark",,
Y,,,Scala API,,TRUE,TRUE,TRUE,,2301217,527263,Linked Binding,Maven,ai.h2o:h2o-bindings,https://github.com/h2oai/h2o-dev,2016-07-02 2:56:42,90,,H2O REST API bindings,h2oai/h2o-3,"Open Source Fast Scalable Machine Learning Platform For Smarter Applications: Deep Learning, Gradient Boosting & XGBoost, Random Forest, Generalized Linear Modeling (Logistic Regression, Elastic Net), K-Means, PCA, Stacked Ensembles, Automatic Machine Learning (AutoML), etc.",,Apache-2.0,0,,2,527263,GitHub,FALSE,4513,Apache-2.0,,"automatic,big-data,data-science,deep-learning,distributed,ensemble-learning,gbm,gpu,h2o,hadoop,java,machine-learning,multi-threading,naive-bayes,opensource,pca,python,r,random-forest,spark",,
Y,,,"lost record after 3.22.1.5, https://mvnrepository.com/artifact/ai.h2o/h2o-bindings",,TRUE,TRUE,TRUE,,2417372,527263,Linked Binding,Maven,ai.h2o:h2o-scala_2.11,https://github.com/h2oai/h2o-dev,2016-08-04 4:59:47,83,,H2O Scala API (Scala version 2.11.7),h2oai/h2o-3,"Open Source Fast Scalable Machine Learning Platform For Smarter Applications: Deep Learning, Gradient Boosting & XGBoost, Random Forest, Generalized Linear Modeling (Logistic Regression, Elastic Net), K-Means, PCA, Stacked Ensembles, Automatic Machine Learning (AutoML), etc.",,Apache-2.0,2,,3,527263,GitHub,FALSE,4513,Apache-2.0,,"automatic,big-data,data-science,deep-learning,distributed,ensemble-learning,gbm,gpu,h2o,hadoop,java,machine-learning,multi-threading,naive-bayes,opensource,pca,python,r,random-forest,spark",,
Y,,,"0.9.6 released earlier than GitHub, https://github.com/apache/predictionio/",,TRUE,FALSE,FALSE,,65985,573443,Binding,Pypi,PredictionIO,,2013-03-21 15:04:27,15,PredictionIO,PredictionIO Python SDK,,,,Other,0,,15,,,,,,,,predictionio,predictionio
Y,,,,,TRUE,TRUE,TRUE,,103324,573443,Binding,Packagist,predictionio/predictionio,https://github.com/apache/predictionio-sdk-php,2013-03-25 8:59:05,14,PredictionIO,Apache PredictionIO API PHP Client,apache/predictionio-sdk-php,PredictionIO PHP SDK,"rest,web service,restful,recommendation,predictionio,prediction",Apache-2.0,7,,29,72178,GitHub,FALSE,260,Apache-2.0,,,predictionio,predictionio
N,,,"7, alignment not found https://github.com/ShaunBaker/PredictionIO-Node-SDK",,TRUE,FALSE,FALSE,,182240,573443,Binding,NPM,predictionio,https://github.com/ShaunBaker/PredictionIO-Node-SDK,2013-11-05 9:17:40,7,PredictionIO,PredictionIO Node SDK,ShaunBaker/PredictionIO-Node-SDK,PredictionIO Node SDK,,BSD-2-Clause,1,,1,122722,GitHub,FALSE,63,,,,predictionio,predictionio
Y,,,0.9.6 released earlier than GitHub,,TRUE,FALSE,TRUE,,235923,573443,Binding,Rubygems,predictionio,https://github.com/apache/incubator-predictionio-sdk-ruby,2013-03-25 7:52:48,14,PredictionIO,PredictionIO is an open source machine learning server for developers and data scientists to create predictive engines for production environments. This gem provides convenient access to the PredictionIO API for Ruby programmers so that you can focus on application logic.,apache/predictionio-sdk-ruby,PredictionIO Ruby SDK,,Apache-2.0,1,,22,44252,GitHub,FALSE,191,Apache-2.0,,,predictionio,predictionio
Y,,,,,TRUE,FALSE,TRUE,,407539,573443,Binding,Maven,io.prediction:sdk,https://github.com/PredictionIO/PredictionIO-Java-SDK,2013-04-01 15:50:40,12,PredictionIO,The PredictionIO Java SDK includes an API client and sample code.,apache/predictionio-sdk-java,PredictionIO Java SDK,,Apache-2.0,0,,0,169704,GitHub,FALSE,102,Apache-2.0,,,predictionio,predictionio
N,,,"2, alignment not found https://github.com/timgluz/shaman",,TRUE,FALSE,FALSE,,721363,573443,Binding,Clojars,shaman,https://github.com/timgluz/shaman,2015-10-05 8:48:03,2,predictionIO,clojure client for predictionIO API,timgluz/shaman,clojure client for Prediction.IO,,EPL-1.0,0,,1,356965,GitHub,FALSE,1,EPL-1.0,,,predictionio,predictionio
N,,,,,TRUE,FALSE,FALSE,,1028546,573443,Binding,NuGet,Sensible.PredictionIO.NET,,2014-07-18 19:37:48,2,PredictionIO,C# wrapper for the PredictionIO API,,,,,0,,0,,,,,,,,predictionio,predictionio
N,,,"2, readme https://github.com/minhtule/PredictionIO-Swift-SDK/tree/2.0.0",,TRUE,FALSE,FALSE,,2610591,573443,Binding,CocoaPods,PredictionIO,https://github.com/minhtule/PredictionIO-Swift-SDK,2018-02-07 13:55:41,2,PredictionIO,The iOS SDK that provides easy-to-use functions to integrate with PredictionIO REST API services,minhtule/PredictionIO-Swift-SDK,PredictionIO iOS / macOS SDK,,Apache-2.0,0,,0,4120559,GitHub,FALSE,20,Apache-2.0,,,predictionio,predictionio
Y,,,"Same as GitHub, perfectly aligned",,TRUE,TRUE,TRUE,TRUE,825940,815940,Project,Pypi,Keras,https://github.com/keras-team/keras,2015-06-14 0:36:35,48,,Deep Learning for humans,keras-team/keras,Deep Learning for humans,,MIT,46,,7411,815940,GitHub,FALSE,45995,Other,,"data-science,deep-learning,machine-learning,neural-networks,python,tensorflow",,
Y,,,"seems aligned by the version number from 2.0.5, but default install the newest version of keras https://github.com/rstudio/keras/blob/master/R/install.R#L117",,TRUE,FALSE,FALSE,,2380597,815940,Binding,CRAN,keras,https://github.com/rstudio/keras,2017-07-30 0:00:00,13,Keras,R Interface to 'Keras',rstudio/keras,R Interface to Keras,,MIT,22,,53,24800859,GitHub,FALSE,593,Other,,,keras,keras
N,,,,,TRUE,FALSE,FALSE,,4100346,815940,Binding,NuGet,Keras.NET,https://github.com/scisharp/Keras.NET,,50,Keras,"C# bindings for Keras on Win64 - Keras.NET is a high-level neural networks API, capable of running on top of TensorFlow, CNTK, or Theano.",SciSharp/Keras.NET,"Keras.NET is a high-level neural networks API, written in C# with Python Binding and capable of running on top of TensorFlow, CNTK, or Theano. ","learning,deep,network,plaimml,neural,cntk,tensorflow,keras",MIT,0,,0,39000517,GitHub,FALSE,200,MIT,,"csharp-library,deep-learning,deep-learning-library,keras,keras-neural-networks,neural-network",keras,keras
N,,,,,TRUE,FALSE,FALSE,,4254237,815940,Binding,NuGet,Keras.NET.Mono,https://github.com/scisharp/Keras.NET,,45,Keras,"C# bindings for Keras on Linux - Keras.NET is a high-level neural networks API, capable of running on top of TensorFlow, CNTK, or Theano.",SciSharp/Keras.NET,"Keras.NET is a high-level neural networks API, written in C# with Python Binding and capable of running on top of TensorFlow, CNTK, or Theano. ","tensorflow,keras,cntk,deep,neural,network,plaimml,learning",MIT,0,,0,39000517,GitHub,FALSE,200,MIT,,"csharp-library,deep-learning,deep-learning-library,keras,keras-neural-networks,neural-network",keras,keras
N,,,,,TRUE,FALSE,FALSE,,4254235,815940,Binding,NuGet,Keras.NET.OSX,https://github.com/scisharp/Keras.NET,,43,Keras,"C# bindings for Keras on OSX - Keras.NET is a high-level neural networks API, capable of running on top of TensorFlow, CNTK, or Theano.",SciSharp/Keras.NET,"Keras.NET is a high-level neural networks API, written in C# with Python Binding and capable of running on top of TensorFlow, CNTK, or Theano. ","keras,cntk,learning,tensorflow,deep,neural,plaimml,network",MIT,0,,0,39000517,GitHub,FALSE,200,MIT,,"csharp-library,deep-learning,deep-learning-library,keras,keras-neural-networks,neural-network",keras,keras
N,,,,,TRUE,FALSE,FALSE,,310941,845049,Binding,NPM,scikit-learn,https://github.com/burkostya/scikit-zero,2014-03-14 20:02:03,1,scikit-learn,Node.js wrapper of scikit-learn,,,"scikit-learn,scikit,ml,machine learning,python",MIT,0,,0,,,,,,,,scikit learn,scikitlearn
Y,,,"less in PyPI https://pypi.org/project/scikit-learn/#history, https://github.com/scikit-learn/scikit-learn",,TRUE,TRUE,TRUE,TRUE,702828,845049,Project,Pypi,scikit-learn,https://github.com/scikit-learn/scikit-learn,2011-09-22 0:03:10,43,,A set of python modules for machine learning and data mining,scikit-learn/scikit-learn,scikit-learn: machine learning in Python,,BSD-3-Clause,230,,18944,845049,GitHub,FALSE,38756,Other,,"data-analysis,data-science,machine-learning,python,statistics",,
N,,,"1, empty, it's a test release",,TRUE,FALSE,FALSE,,1717401,845049,Binding,Rubygems,scikit-learn,https://github.com/mrkn/scikit-learn.rb,2016-10-05 16:12:25,1,scikit-learn,scikit-learn wrapper for Ruby,mrkn/scikit-learn.rb,scikit-learn wrapper for Ruby,,MIT,0,,0,14083865,GitHub,FALSE,4,MIT,,,scikit learn,scikitlearn
N,,,,,TRUE,FALSE,FALSE,,310942,845049,Binding,NPM,scikit-node,https://github.com/lramsey/scikit-node,,4,scikit-learn,node wrapper for python's scikit-learn,lramsey/scikit-node,npm wrapper for python's scikit-learn machine learning library.,"scikit-learn,machine learning",MIT,0,,1,149775,GitHub,FALSE,60,MIT,,,scikit learn,scikitlearn
Y,,,"lost tags in the dataset, https://github.com/nltk/nltk/releases?after=3.4",,TRUE,FALSE,FALSE,TRUE,61313,845081,Project,Pypi,nltk,,,37,nltk,Natural Language Toolkit,,,"NLP,CL,natural language processing,computational linguistics,parsing,tagging,tokenizing,syntax,linguistics,language,natural language,text analytics",Apache-2.0,83,,8773,,,,,,,,,
N,,,"https://github.com/rplevy/clojure-nltk/blob/master/resources/nltk/VERSION;OLD: 6, 2.0.3-clj-0 not sure, https://clojars.org/clojure-nltk, found a GitHub repo (not in the dataset) https://github.com/rplevy/clojure-nltk/tree/a3ae48d37ac1549090293705265c0085a8e55ba0, refer to its history https://github.com/rplevy/clojure-nltk/commits/a3ae48d37ac1549090293705265c0085a8e55ba0/project.clj",,TRUE,FALSE,FALSE,,722401,845081,Binding,Clojars,clojure-nltk,https://github.com//,2015-10-05 9:04:39,6,NLTK,Python's NLTK for Clojure (interop / partial port).,,,,,0,,0,,,,,,,,nltk,nltk
N,,,"13, alignment not indicated, using ironpython and pip install nltk https://github.com/nrcpp/NltkNet",,TRUE,FALSE,FALSE,,3518400,845081,Binding,NuGet,NltkNet,https://github.com/nrcpp/NltkNet,2018-12-29 20:13:50,13,NLTK,NLTK python library wrapper for .NET,nrcpp/NltkNet,NLTK library wrapper for .NET,"nltk,nlp,parser,POS,tokenizer,NER,categorizer,chunker,IronPython",MIT,0,,0,37628611,GitHub,FALSE,3,MIT,,,nltk,nltk
Y,,,"different with GitHub, more releases on PyPI, https://github.com/explosion/spaCy, https://pypi.org/project/spacy/",,TRUE,TRUE,TRUE,TRUE,79381,845210,Project,Pypi,spacy,,2015-01-02 17:43:40,157,,Industrial-strength Natural Language Processing (NLP) in Python,explosion/spaCy,牒 Industrial-strength Natural Language Processing (NLP) with Python and Cython,"NLP, Language, Text, Text Processing, Data Mining, NER",MIT,31,,1459,845210,GitHub,FALSE,15161,MIT,,"ai,artificial-intelligence,big-data,cython,data-science,deep-learning,machine-learning,natural-language-processing,neural-network,neural-networks,nlp,nlp-library,python,spacy",,
N,,,,,TRUE,FALSE,FALSE,,3364731,845210,Binding,NPM,spacy,https://github.com/ines/spacy-js,2018-10-27 17:12:41,4,spaCy,JavaScript API for spaCy with Python REST API,ines/spacy-js,死 JavaScript API for spaCy with Python REST API,"spacy,nlp,natural language processing,machine learning,artificial intelligence",MIT,0,,0,36848416,GitHub,FALSE,39,MIT,,"javascript,natural-language-processing,nlp,python,rest-api,spacy",spacy,spacy
N,,,,,TRUE,FALSE,FALSE,,118045,851991,Binding,Hackage,CV,https://github.com/aleator/CV,2015-01-26 0:28:06,12,OpenCV,"This is a machine vision package that wraps some functionality of OpenCV library. This package has been developed for personal use and is not meant to be a complete wrapper. It also includes some things not in OpenCV.   Currently this package is quite dirty and requires much work on documentation and code clean-up, but is somewhat tested.   (The scarce) Documentation is available at http://aleator.github.com/CV/   Changelog. 0.3.6.0 - Critical referential transparency bug fix.   0.3.5.4 - Bug fixes and preliminary compatability with opencv 2.4   0.3.5 - Many new wrappers, clean ups and other fixes.   0.3.4 - Pixelwise operations, bug fixes and additional documentation   0.3.3.0 - Improvements, including compatablity with opencv 2.3.1 and removal of dependency with deprecated JYU.Utils   Changelog. 0.3.2.0 - Improvements, including fancier pixel-wise manipulations   Changelog. 0.3.0.2 - Workaround for compiling with OS X 10.6 & fixed errors about M_PI ",,,"ai,gpl,graphics,library,machine-vision,Propose Tags ,CV.Arbitrary,CV.Binary,CV.Bindings.Types,CV.Calibration,CV.ColourUtils,CV.ConnectedComponents,CV.Conversions,CV.Corners,CV.DFT,CV.DrawableInstances,CV.Drawing,CV.Edges,CV.Features,CV.Files,CV.Filters,CV.Fitting,CV.FunnyStatistics,CV.Gabor,CV.HighGUI,CV.Histogram,CV.HoughTransform,CV.Image,CV.ImageMath,CV.ImageMathOp,CV.ImageOp,CV.Iterators,CV.LightBalance,CV.Marking,CV.Matrix,CV.Morphology,CV.MultiresolutionSpline,CV.Operations,CV.Pixelwise,CV.Projection,CV.Sampling,CV.TemplateMatching,CV.Textures,CV.Thresholding,CV.Tracking,CV.Transforms,CV.Video,Utils.DrawingClass,Utils.Function,Utils.GeometryClass,Utils.List,Utils.Point,Utils.Pointer,Utils.Rectangle,Utils.Stream",GPL-2.0+,0,,0,,,,,,,,opencv,opencv
N,C extension wrapper,manually,"support 2.x not 3.x, observed delays, https://rubygems.org/gems/ruby-opencv/versions/0.0.18",,TRUE,FALSE,FALSE,,246564,851991,Binding,Rubygems,ruby-opencv,https://github.com/ruby-opencv/ruby-opencv,2013-01-26 21:42:25,19,OpenCV,ruby-opencv is a wrapper of OpenCV for Ruby. It helps you to write computer vision programs (e.g. detecting faces from pictures) with Ruby.,ruby-opencv/ruby-opencv,Versioned fork of the OpenCV gem for Ruby,,BSD-3-Clause,13,,107,327063,GitHub,TRUE,677,BSD-3-Clause,,,opencv,opencv
N,javacpp-presets,,"Not only for opencv, alignment not found",,TRUE,FALSE,FALSE,,338484,851991,Binding,Maven,org.bytedeco:javacv,https://github.com/bytedeco/javacv,2014-04-27 14:51:22,15,OpenCV,Java interface to OpenCV and more,bytedeco/javacv,"Java interface to OpenCV, FFmpeg, and more",,GPL-2.0-with-classpath-exception,12,,328,172775,GitHub,FALSE,3259,Other,,"computer-vision,ffmpeg,java,javacv,maven,multimedia,opencv",opencv,opencv
Y,,,,2.x versions,TRUE,TRUE,FALSE,,631591,851991,Linked Binding,NuGet,OpenCvSharp-WithoutDll,https://github.com/shimat/opencvsharp_2410,2014-06-24 8:07:02,18,,OpenCV wrapper for .NET Framework Use https://www.nuget.org/packages/OpenCvSharp3-AnyCPU/ instead,shimat/opencvsharp,.NET Framework wrapper for OpenCV,"OpenCV,FFI,Processing,Image,Wrapper",BSD-3-Clause,2,,9,273105,GitHub,FALSE,2081,BSD-3-Clause,,"c-sharp,computer-vision,dotnet,dotnet-core,dotnet-core2,dotnetcore,dotnetstandard,image-processing,machine-learning,mono,native-bindings,nuget,nuget-packages,opencv,opencvsharp,wrapper",,
Y,,,,,TRUE,FALSE,FALSE,,624343,851991,Binding,NuGet,OpenCvSharp-AnyCPU,https://github.com/shimat/opencvsharp_2401,1900-01-01 0:00:00,26,OpenCV,OpenCV wrapper for .NET Framework Use https://www.nuget.org/packages/OpenCvSharp3-AnyCPU/ instead,shimat/opencvsharp,.NET Framework wrapper for OpenCV,"Image,OpenCV,FFI,Wrapper,Processing",BSD-3-Clause,7,,96,273105,GitHub,FALSE,2081,BSD-3-Clause,,"c-sharp,computer-vision,dotnet,dotnet-core,dotnet-core2,dotnetcore,dotnetstandard,image-processing,machine-learning,mono,native-bindings,nuget,nuget-packages,opencv,opencvsharp,wrapper",opencv,opencv
Y,,,,,TRUE,FALSE,FALSE,,1018886,851991,Binding,NuGet,OpenCvSharp3-AnyCPU,https://github.com/shimat/opencvsharp,1900-01-01 0:00:00,30,OpenCV,OpenCV wrapper for .NET Framework,shimat/opencvsharp,.NET Framework wrapper for OpenCV,"Image,Processing,OpenCV,Wrapper,FFI,opencvsharp",BSD-3-Clause,27,,165,273105,GitHub,FALSE,2081,BSD-3-Clause,,"c-sharp,computer-vision,dotnet,dotnet-core,dotnet-core2,dotnetcore,dotnetstandard,image-processing,machine-learning,mono,native-bindings,nuget,nuget-packages,opencv,opencvsharp,wrapper",opencv,opencv
Y,,,,,TRUE,FALSE,FALSE,,3498982,851991,Binding,NuGet,OpenCvSharp4,https://github.com/shimat/opencvsharp,1900-01-01 0:00:00,13,OpenCV,"OpenCV wrapper for .NET. Since this package includes only core managed libraries, another package of native bindings for your OS is required (OpenCvSharp4.runtime.*).",shimat/opencvsharp,.NET Framework wrapper for OpenCV,"OpenCV,Image,Processing,opencvsharp,Wrapper,FFI",BSD-3-Clause,7,,6,273105,GitHub,FALSE,2081,BSD-3-Clause,,"c-sharp,computer-vision,dotnet,dotnet-core,dotnet-core2,dotnetcore,dotnetstandard,image-processing,machine-learning,mono,native-bindings,nuget,nuget-packages,opencv,opencvsharp,wrapper",opencv,opencv
Y,,,,4.0 versions,TRUE,TRUE,FALSE,,3498980,851991,Linked Binding,NuGet,OpenCvSharp4.Windows,https://github.com/shimat/opencvsharp,2018-12-25 9:06:58,12,,OpenCV 4.x wrapper. All-in-one package for Windows users.,shimat/opencvsharp,.NET Framework wrapper for OpenCV,"Processing,Image,OpenCV,opencvsharp,Wrapper,FFI",BSD-3-Clause,2,,0,273105,GitHub,FALSE,2081,BSD-3-Clause,,"c-sharp,computer-vision,dotnet,dotnet-core,dotnet-core2,dotnetcore,dotnetstandard,image-processing,machine-learning,mono,native-bindings,nuget,nuget-packages,opencv,opencvsharp,wrapper",,
Y,,,"aligned 2.4.3 ~ 3.4.2, https://cocoapods.org/pods/OpenCV",3.0 versions?,TRUE,FALSE,FALSE,,728265,851991,Binding,CocoaPods,OpenCV,,2015-03-24 0:24:26,29,OpenCV,OpenCV (Computer Vision) for iOS,,,,BSD-3-Clause,0,,193,,,,,,,,opencv,opencv
Y,,,"aligned after 3.2.0 ~ 4.1.1, https://cocoapods.org/pods/OpenCV2",2.0 versions,TRUE,FALSE,FALSE,,2456057,851991,Binding,CocoaPods,OpenCV2,,2017-10-09 11:12:13,16,OpenCV,OpenCV (Computer Vision) for iOS.,,,,BSD-3-Clause,0,,3,,,,,,,,opencv,opencv
N,,,"most support three versions, 0.29.0 aligned with 4.2, https://crates.io/crates/opencv",,TRUE,FALSE,FALSE,,788920,851991,Binding,Cargo,opencv,https://github.com/twistedfall/opencv-rust,2015-05-14 16:02:56,67,OpenCV,Rust bindings for OpenCV,twistedfall/opencv-rust,Rust bindings for OpenCV 3 & 4,"opencv,vision",MIT,2,,8,853046,GitHub,FALSE,298,MIT,,,opencv,opencv
Y,"build from the official, provide a precompiled version",submodule,"belongs to the official org, but indicated unoffical in the readme https://github.com/opencv/opencv-python, aligned 3.1.0 ~ 4.1.2, https://pypi.org/project/opencv-python/",,TRUE,FALSE,FALSE,,1440995,851991,Binding,Pypi,opencv-python,https://github.com/skvark/opencv-python,2016-09-03 18:35:12,30,OpenCV,Wrapper package for OpenCV python bindings.,skvark/opencv-python,"Automated CI toolchain to produce precompiled opencv-python, opencv-python-headless, opencv-contrib-python and opencv-contrib-python-headless packages.",,MIT,4,,6280,8203653,GitHub,FALSE,1066,Other,,"manylinux,opencv,opencv-contrib-python,opencv-python,precompiled,pypi,python,python-3,wheel",opencv,opencv
N,Native Abstraction for Node.js,,"support 3.x before 5.0.0, support both 3.x and 4.x after 5.0.0",,TRUE,FALSE,FALSE,,2405186,851991,Binding,NPM,opencv4nodejs,https://github.com/justadudewhohacks/opencv4nodejs,2017-08-20 15:52:16,117,OpenCV,Asynchronous OpenCV 3.x nodejs bindings with JavaScript and TypeScript API.,justadudewhohacks/opencv4nodejs,Nodejs bindings to OpenCV 3 and OpenCV 4,"opencv,cv,computer vision,face,detection,recognition,machine,learning,neural,network,async,typescript",MIT,28,,59,27599825,GitHub,FALSE,3525,MIT,,"async,cv,face-detection,javascript,node,nodejs,opencv,typescript",opencv,opencv
N,,,,,TRUE,FALSE,FALSE,,178575,851991,Binding,NPM,opencv,https://github.com/peterbraden/node-opencv,2012-01-19 8:04:18,30,OpenCV,Node Bindings to OpenCV,peterbraden/node-opencv,OpenCV Bindings for node.js,"opencv,computer,vision,quadrocopter",MIT,61,,307,120303,GitHub,FALSE,3893,MIT,,,opencv,opencv
N,,,,,TRUE,FALSE,FALSE,,3281353,851991,Binding,Clojars,techascent/tech.opencv,https://github.com/tech-ascent/tech.opencv,2018-10-03 0:14:32,54,Opencv,Opencv bindings via javacpp,techascent/tech.opencv,Opencv bindings via the tech.datatype library and javacpp,,EPL-1.0,0,,1,38188311,GitHub,FALSE,14,EPL-1.0,,,opencv,opencv
N,,,"only one version, alignment not found",,TRUE,FALSE,FALSE,,3773020,851991,Binding,CRAN,opencv,https://github.com/ropensci/opencv,2019-04-01 0:00:00,1,OpenCV,Bindings to 'OpenCV' Computer Vision Library,ropensci/opencv,R wrapper of the OpenCV library,,MIT,0,,0,38349148,GitHub,FALSE,68,Other,,"opencv,opencv-library,r,r-package,rstats,unconf,unconf18",opencv,opencv
N,,,,,TRUE,FALSE,FALSE,,1059717,851994,Binding,Cargo,caffe,https://github.com/ajtulloch/caffe.rs,,1,caffe,Caffe FFI bindings for Rust,ajtulloch/caffe.rs,,,BSD-3-Clause,0,,0,2789650,GitHub,FALSE,23,,,,,
N,,,,find the source,TRUE,FALSE,FALSE,,1563492,851994,Binding,NPM,node-caffe,https://github.com/silklabs/node-caffe,2016-07-02 21:55:15,5,Caffe,Caffe bindings for node,silklabs/node-caffe,Caffe bindings for node,caffe,MIT,0,,0,16663039,GitHub,FALSE,24,,,,caffe,caffe
N,,,,,TRUE,FALSE,FALSE,,2157510,851994,Binding,Rubygems,caffe,https://github.com/gyf1214/ruby-caffe,,2,caffe,A ruby wrapper of the deep leaning framework,gyf1214/ruby-caffe,A ruby wrapper of the deep leaning framework,,MIT,0,,0,20054866,GitHub,FALSE,0,MIT,,,,
N,,,,,TRUE,FALSE,FALSE,,184153,852009,Binding,Rubygems,bors,https://github.com/rodeoclash/bors,2013-01-13 6:50:40,4,Vowpal Wabbit,Wrapper for the Vowpal Wabbit library,Rodeoclash/bors,Wrapper for the VowpalWabbit library,,MIT,0,,1,298631,GitHub,FALSE,10,MIT,,,vowpal wabbit,vowpalwabbit
N,,,"11, alignment not found https://github.com/eddelbuettel/rvowpalwabbit",,TRUE,TRUE,TRUE,,691350,852009,Linked Binding,CRAN,RVowpalWabbit,https://github.com/JohnLangford/vowpal_wabbit,2011-09-20 17:22:00,11,,R Interface to the Vowpal Wabbit,VowpalWabbit/vowpal_wabbit,"Vowpal Wabbit is a machine learning system which pushes the frontier of machine learning with techniques such as online, hashing, allreduce, reductions, learning2search, active, and interactive learning.",,"CNRI-Python-GPL-Compatible,CNRI-Python-GPL-Compatible",0,,0,852009,GitHub,FALSE,6767,Other,,"active-learning,c-plus-plus,contextual-bandits,cpp,learning-to-search,machine-learning,online-learning,reinforcement-learning",,
N,,,,,TRUE,FALSE,FALSE,,815206,852009,Binding,NPM,vw-stream,https://github.com/someben/vw-stream,2015-06-04 21:50:53,7,Vowpal Wabbit,Vowpal Wabbit Node.js Stream,someben/vw-stream,Vowpal Wabbit wrapper for Node.js using streams,"Vowpal Wabbit,Machine Learning,Stochastic Gradient Descent,Online Learning",MIT,1,,0,804308,GitHub,FALSE,4,MIT,,,vowpal wabbit,vowpalwabbit
N,,,,,TRUE,FALSE,FALSE,,999771,852009,Binding,Clojars,engagor/clj-vw,https://github.com/engagor/clj-vw,2015-10-05 7:40:48,13,vowpal wabbit,Clojure client and wrapper for vowpal wabbit,engagor/clj-vw,A clojure client and wrapper for vowpal wabbit.,,BSD-2-Clause,0,,0,353808,GitHub,FALSE,15,BSD-2-Clause,,,vowpal wabbit,vowpalwabbit
Y,,,,,TRUE,TRUE,TRUE,,1023481,852009,Project,NuGet,VowpalWabbit,https://github.com/JohnLangford/vowpal_wabbit,1900-01-01 0:00:00,122,Vowpal Wabbit,Official Vowpal Wabbit library including C# interface.,VowpalWabbit/vowpal_wabbit,"Vowpal Wabbit is a machine learning system which pushes the frontier of machine learning with techniques such as online, hashing, allreduce, reductions, learning2search, active, and interactive learning.","vowpal,vw,wabbit,ml,langford,learning,machine",Other,5,,2,852009,GitHub,FALSE,6767,Other,,"active-learning,c-plus-plus,contextual-bandits,cpp,learning-to-search,machine-learning,online-learning,reinforcement-learning",vowpal wabbit,vowpalwabbit
Y,,,https://github.com/VowpalWabbit/vowpal_wabbit/blob/8.8.0/setup.py,,TRUE,TRUE,TRUE,,1547862,852009,Linked Binding,Pypi,vowpalwabbit,https://github.com/JohnLangford/vowpal_wabbit,2016-06-21 19:31:30,8,,Vowpal Wabbit Python package,VowpalWabbit/vowpal_wabbit,"Vowpal Wabbit is a machine learning system which pushes the frontier of machine learning with techniques such as online, hashing, allreduce, reductions, learning2search, active, and interactive learning.",fast machine learning online classification regression,BSD-1-Clause,0,,7,852009,GitHub,FALSE,6767,Other,,"active-learning,c-plus-plus,contextual-bandits,cpp,learning-to-search,machine-learning,online-learning,reinforcement-learning",,
Y,,,4,,TRUE,TRUE,TRUE,,2241226,852009,Linked Binding,Maven,com.github.johnlangford:vw-jni,https://github.com/JohnLangford/vowpal_wabbit,2015-06-30 16:08:37,4,," A wrapper around Vowpal Wabbit that allows use through Java. This wrapper is designed to be self contained. Because of the use of JNI, a number of platforms are supported in this JAR. If your platform is not supported please feel free to add it by modifying src/main/bin/build.sh accordingly. ",VowpalWabbit/vowpal_wabbit,"Vowpal Wabbit is a machine learning system which pushes the frontier of machine learning with techniques such as online, hashing, allreduce, reductions, learning2search, active, and interactive learning.",,MIT,2,,2,852009,GitHub,FALSE,6767,Other,,"active-learning,c-plus-plus,contextual-bandits,cpp,learning-to-search,machine-learning,online-learning,reinforcement-learning",,
N,,,"1, https://github.com/jackgerrits/vowpalwabbit-sys-rs/blob/8.6.1-beta/build.rs#L7",,TRUE,FALSE,FALSE,,4044317,852009,Binding,Cargo,vowpalwabbit-sys,https://github.com/jackgerrits/vowpalwabbit-sys-rs,2019-06-02 17:42:13,1,VowpalWabbit,Rust bindings for VowpalWabbit,jackgerrits/vowpalwabbit-sys-rs,,,MIT,0,,0,38965134,GitHub,FALSE,0,MIT,,,vowpalwabbit,vowpalwabbit
Y,,,,,TRUE,TRUE,TRUE,TRUE,2209597,852055,Project,Pypi,pybullet,https://github.com/bulletphysics/bullet3,2017-04-03 6:19:44,168,,Official Python Interface for the Bullet Physics SDK specialized for Robotics Simulation and Reinforcement Learning,bulletphysics/bullet3,"Bullet Physics SDK: real-time collision detection and multi-physics simulation for VR, games, visual effects, robotics, machine learning etc.","game development,virtual reality,physics simulation,robotics,collision detection,opengl",Zlib,7,,89,852055,GitHub,FALSE,5798,Other,,"computer-animation,game-development,kinematics,pybullet,reinforcement-learning,robotics,simulation,simulator,virtual-reality",,
N,,,,,TRUE,FALSE,FALSE,,2257300,852055,Binding,NPM,bullet3,https://github.com/modulesio/bullet3,2017-04-23 1:56:37,3,Bullet3,Bullet3 build compatible with node.js native bindings,modulesio/bullet3,"Bullet Physics SDK: real-time collision detection and multi-physics simulation for VR, games, visual effects, robotics, machine learning etc.",,ISC,0,,0,23463092,GitHub,TRUE,0,,,,bullet3,bullet3
Y,,,"6, only found 2.2.0",,TRUE,TRUE,TRUE,,2203941,852190,Project,NuGet,mlpack-windows,https://github.com/mlpack/mlpack,2017-03-28 17:45:15,6,,"mlpack is an intuitive, fast, scalable C++ machine learning library, meant to be a machine learning analog to LAPACK. It aims to implement a wide array of machine learning methods and functions as a swiss army knife for machine learning researchers.",mlpack/mlpack,mlpack: a scalable C++ machine learning library --,"windows,mlpack,native,nativepackage",Other,0,,2,852190,GitHub,FALSE,3016,Other,,"c-plus-plus,deep-learning,machine-learning,machine-learning-library,nearest-neighbor-search,regression",,
Y,,,"6, lost releases bwt 1.0.0 ~ 3.1.1",source 4.0 versions,TRUE,TRUE,TRUE,,2335117,852190,Project,Pypi,mlpack,https://github.com/mlpack/mlpack,2017-06-19 11:29:28,6,,"a flexible, fast machine learning library",mlpack/mlpack,mlpack: a scalable C++ machine learning library --,"machine learning,data mining,deep learning,optimization",BSD-3-Clause,0,,0,852190,GitHub,FALSE,3016,Other,,"c-plus-plus,deep-learning,machine-learning,machine-learning-library,nearest-neighbor-search,regression",,
Y,,,,source 3.0 versions,TRUE,TRUE,TRUE,,2715706,852190,Project,Pypi,mlpack3,https://github.com/mlpack/mlpack,2018-04-04 20:26:19,8,,"a flexible, fast machine learning library",mlpack/mlpack,mlpack: a scalable C++ machine learning library --,"machine learning,data mining,deep learning,optimization",BSD-3-Clause,0,,0,852190,GitHub,FALSE,3016,Other,,"c-plus-plus,deep-learning,machine-learning,machine-learning-library,nearest-neighbor-search,regression",,
N,,,,,TRUE,FALSE,FALSE,,950277,852257,Binding,NPM,mitie,https://github.com/bhelx/mitie,,1,mitie,Node bindings for MIT Information Extraction https://github.com/mit-nlp/MITIE,bhelx/mitie,Node bindings for MIT Information Extraction https://github.com/mit-nlp/MITIE,"mitie,nlp,ner",MIT,1,,1,1127144,GitHub,FALSE,20,MIT,,,,
N,,,,find the source,TRUE,FALSE,FALSE,,1428287,852257,Binding,Rubygems,mitier,https://github.com/satek/mitier,2016-05-01 21:28:55,1,MITIE,MITIE library wrapped in Ruby with FFI. See https://github.com/mit-nlp/MITIE,satek/mitier,MITIE library wrapped in Ruby with FFI,,MIT,0,,0,9817637,GitHub,FALSE,3,MIT,,,mitie,mitie
N,,,"38, supports > 3.03, add 3.02 after 2.6.0 https://github.com/thiagoalessio/tesseract-ocr-for-php/commit/75640575e26d8e6afe99230ab04526fa32d64893#diff-b335630551682c19a781afebcf4d07bf978fb1f8ac04c6bf87428ed5106870f5",,TRUE,FALSE,FALSE,,111675,852560,Binding,Packagist,thiagoalessio/tesseract_ocr,https://github.com/thiagoalessio/tesseract-ocr-for-php,,38,Tesseract OCR,A wrapper to work with Tesseract OCR inside PHP.,thiagoalessio/tesseract-ocr-for-php,A wrapper to work with Tesseract OCR inside PHP.,"Tesseract,OCR,text recognition",MIT,5,,53,79969,GitHub,FALSE,1768,MIT,,"image-to-text,ocr,php,tesseract,text-recognition",tesseract ocr,tesseractocr
N,,,,,TRUE,FALSE,FALSE,,175941,852560,Binding,NPM,node-tesseract,https://github.com/desmondmorris/node-tesseract,,12,Tesseract OCR,A simple wrapper for the Tesseract OCR package,desmondmorris/node-tesseract,A simple wrapper for the Tesseract OCR package,"tesseract,ocr,text recognition",MIT,17,,157,118503,GitHub,FALSE,597,Other,,,tesseract ocr,tesseractocr
N,,,"16, alignment not found https://github.com/meh/ruby-tesseract-ocr/issues/63, https://github.com/meh/ruby-tesseract-ocr/issues/4",,TRUE,FALSE,FALSE,,258685,852560,Binding,Rubygems,tesseract-ocr,https://github.com/meh/ruby-tesseract-ocr,,16,tesseract-ocr,A wrapper library to the tesseract-ocr API.,meh/ruby-tesseract-ocr,A Ruby wrapper library to the tesseract-ocr API.,,BSD-3-Clause,3,,54,267374,GitHub,FALSE,510,,,,tesseract ocr,tesseractocr
N,,,,,TRUE,FALSE,FALSE,,638939,852560,Binding,Maven,de.vorb:jtesseract,https://github.com/pvorb/jtesseract,,4,Tesseract OCR,jtesseract provides Java wrappers (JNA and BridJ) for Tesseract OCR,tesseract4java/jtesseract,BridJ bindings for Tesseract,,Apache-2.0,0,,2,1003598,GitHub,FALSE,45,,,,tesseract ocr,tesseractocr
N,,,"7, check readme and https://github.com/gali8/Tesseract-OCR-iOS/blob/4.0.0/TesseractOCR/build_dependencies.sh#L11",,TRUE,FALSE,FALSE,,730115,852560,Binding,CocoaPods,TesseractOCRiOS,https://github.com/gali8/Tesseract-OCR-iOS,,7,Tesseract OCR,Use Tesseract OCR in iOS projects written in either Objective-C or Swift.,gali8/Tesseract-OCR-iOS,"Tesseract OCR iOS is a Framework for iOS7+, compiled also for armv7s and arm64.",,MIT,0,,151,364743,GitHub,FALSE,3417,MIT,,,tesseract ocr,tesseractocr
N,,,,,TRUE,FALSE,FALSE,,1134396,852560,Binding,Pypi,tesserocr,https://github.com/sirfz/tesserocr,,14,tesseract-ocr,"A simple, Pillow-friendly, Python wrapper around tesseract-ocr API using Cython",sirfz/tesserocr,A Python wrapper for the tesseract-ocr API,"Tesseract,tesseract-ocr,OCR,optical character recognition,PIL,Pillow,Cython",MIT,0,,46,4226325,GitHub,FALSE,1075,MIT,,"cython,ocr,optical-character-recognition,python-library,tesseract",tesseract ocr,tesseractocr
N,,,,,TRUE,FALSE,FALSE,,72824,852560,Binding,Pypi,pytesseract,https://github.com/madmaze/pytesseract,,18,Google's Tesseract-OCR,Python-tesseract is a python wrapper for Google's Tesseract-OCR,madmaze/pytesseract,A Python wrapper for Google Tesseract,python-tesseract OCR Python,Apache-2.0,22,,714,292344,GitHub,FALSE,2537,Apache-2.0,,,google s tesseract ocr,googlestesseractocr
N,,,"4, alignment not found, https://github.com/antimatter15/tesseract-rs",,TRUE,FALSE,FALSE,,2166226,852560,Binding,Cargo,tesseract,https://github.com/antimatter15/tesseract-rs,,4,Tesseract OCR,Higher-level bindings for Tesseract OCR,antimatter15/tesseract-rs,Rust bindings for Tesseract,"tesseract,bindings,ocr",MIT,0,,1,13125103,GitHub,FALSE,39,MIT,,,tesseract ocr,tesseractocr
N,,,,,TRUE,FALSE,FALSE,,2188286,852560,Binding,NuGet,tesseract.net,https://github.com/tvn-cosine/tesseract.net,,16,Tesseract Ocr,a .net wrapper for Tesseract Ocr.,tvn-cosine/tesseract.net,a .net wrapper for Tesseract,"tesseract,dotNet,OCR",GPL-3.0,0,,4,32091012,GitHub,FALSE,18,GPL-3.0,,,tesseract ocr,tesseractocr
N,,,,,TRUE,FALSE,FALSE,,2710449,852560,Binding,CocoaPods,SwiftyTesseract,https://github.com/SwiftyTesseract/SwiftyTesseract,2018-04-03 19:43:23,6,Tesseract,A Swift wrapper around Tesseract for use in iOS applications.,SwiftyTesseract/SwiftyTesseract,A Swift wrapper around Tesseract for use in iOS applications,,MIT,0,,6,34849597,GitHub,FALSE,60,Other,,"ios,ocr,optical-character-recognition,swift,tesseract",tesseract,tesseract
N,,,,,TRUE,FALSE,FALSE,,3399973,852560,Binding,NPM,node-tesseract2,https://github.com/desmondmorris/node-tesseract,,1,Tesseract OCR,A simple wrapper for the Tesseract OCR package,desmondmorris/node-tesseract,A simple wrapper for the Tesseract OCR package,"tesseract,ocr,text recognition",MIT,0,,0,118503,GitHub,FALSE,597,Other,,,tesseract ocr,tesseractocr
N,,,"13, aligned for two versions 18.13 and 19.4, check https://github.com/ruby-dlib/ruby-dlib/tree/v1.0.2/ext",,TRUE,FALSE,FALSE,,658049,891695,Binding,Rubygems,dlib,https://github.com/ruby-dlib/ruby-dlib,2015-02-25 22:55:56,13,dlib,Ruby bindings of dlib C++ library.,ruby-dlib/ruby-dlib,"Ruby binding of dlib C++ library. Currently, focus on face detection.",,MIT,0,,0,3057276,GitHub,FALSE,25,MIT,,"computer-vision,dlib,face-detector,image-processing,ruby",dlib,dlib
Y,,,"started from 18.17.99, add a number after the number of patch",,TRUE,TRUE,TRUE,TRUE,993924,891695,Project,Pypi,dlib,https://github.com/davisking/dlib,2015-09-27 16:09:18,25,,A toolkit for making real world machine learning and data analysis applications,davisking/dlib,A toolkit for making real world machine learning and data analysis applications in C++,"dlib,Computer Vision,Machine Learning",MirOS,6,,679,891695,GitHub,FALSE,8412,,,"c-plus-plus,computer-vision,deep-learning,machine-learning,machine-learning-library,python",,
Y,,,3,,TRUE,TRUE,TRUE,,1596765,891695,Project,CocoaPods,dlib,https://github.com/davisking/dlib,2016-08-02 11:53:39,3,,A toolkit for making real world machine learning and data analysis applications in C++,davisking/dlib,A toolkit for making real world machine learning and data analysis applications in C++,,MirOS,0,,0,891695,GitHub,FALSE,8412,,,"c-plus-plus,computer-vision,deep-learning,machine-learning,machine-learning-library,python",,
N,,,"2, aligned after 19.2, https://cran.r-project.org/src/contrib/Archive/dlib/, check /dlib/inst/include/dlib/CMakeList and search for ""CPACK_PACKAGE_VERSION_MAJOR""",,TRUE,FALSE,FALSE,,2160730,891695,Binding,CRAN,dlib,,2017-02-20 0:00:00,2,Dlib,Allow Access to the 'Dlib' C++ Library,,,,BSL-1.0,0,,0,,,,,,,,dlib,dlib
Y,,,add a date after the number of patch,,TRUE,FALSE,FALSE,,3555335,891695,Binding,NuGet,DlibDotNet,https://github.com/takuya-takeuchi/DlibDotNet,2018-08-07 17:39:10,22,Dlib,"Dlib wrapper library written in C++ and C# for Windows, MacOS and Linux  Requirements: Visual C++ 2017 Redistributable Package",takuya-takeuchi/DlibDotNet,"Dlib .NET wrapper written in C++ and C# for Windows, MacOS and Linux",".net,dlib,machinelearning",MIT,2,,2,28763389,GitHub,FALSE,213,MIT,,"dlib,dotnet,dotnet-core,linux,macos,windows",dlib,dlib
N,,,,,TRUE,FALSE,FALSE,,2544199,2674263,Binding,NuGet,Kawaian.SharpFace.Windows,https://github.com/Kawaian/SharpFace,2017-11-25 22:11:45,2,OpenFace,C# port of OpenFace with Xamarin support,Kawaian/SharpFace,C#/Xamarin Port of Tadas/OpenFace,"Face,ComputerVision,FaceRecognition",Other,0,,0,30428961,GitHub,FALSE,8,Other,,,openface,openface
Y,,,,,TRUE,TRUE,TRUE,TRUE,2349511,2708615,Project,Pypi,dyNET,https://github.com/clab/dynet,2017-07-02 15:31:47,22,,The Dynamic Neural Network Toolkit,clab/dynet,DyNet: The Dynamic Neural Network Toolkit,,Apache-2.0,1,,14,2708615,GitHub,FALSE,2867,Apache-2.0,,,,
N,,,,,TRUE,FALSE,FALSE,,3880109,2708615,Binding,NuGet,DynetSharp,,2019-04-28 10:05:04,5,DyNet,"DyNet is a neural network library developed by Carnegie Mellon University and many others. It is written in C++ (with bindings in Python and C#) and is designed to be efficient when run on either CPU or GPU, and to work well with networks that have dynamic structures that change for every training instance. For example, these kinds of networks are particularly important in natural language processing tasks, and DyNet has been used to build state-of-the-art systems for syntactic parsing (https://github.com/clab/lstm-parser), machine translation (https://github.com/neubig/lamtram), morphological inflection (https://github.com/mfaruqui/morph-trans), and many other application areas.  Read the documentation (http://dynet.readthedocs.io/en/latest/) to get started, and feel free to contact the dynet-users group (https://groups.google.com/forum/#!forum/dynet-users) group with any questions (if you want to receive email make sure to select ""all email"" when you sign up). We greatly appreciate any bug reports and contributions, which can be made by filing an issue or making a pull request through the github page (http://github.com/clab/dynet).  You can also read more technical details in our technical report (https://arxiv.org/abs/1701.03980).",,,"neural,dynamic,machine,dynet,learning,networks,rnn,lstm,lm,language,mlp,model",,0,,0,,,,,,,,dynet,dynet
Y,,,,,TRUE,FALSE,TRUE,,1263173,2895492,Binding,Rubygems,ruby_postal,https://github.com/openvenues/ruby_postal,2016-03-15 15:00:58,5,libpostal,Ruby bindings for libpostal (fast address parsing/normalization),openvenues/ruby_postal,Ruby bindings to libpostal for fast international address parsing/normalization,,MIT,0,,1,6463777,GitHub,FALSE,58,MIT,,,libpostal,libpostal
N,,,,,TRUE,FALSE,TRUE,,1283582,2895492,Binding,Pypi,postal,https://github.com/openvenues/pypostal,2016-03-23 19:26:15,12,libpostal,Python bindings to libpostal for fast international address parsing/normalization,openvenues/pypostal,Python bindings to libpostal for fast international address parsing/normalization,,MIT,0,,8,5382183,GitHub,FALSE,313,MIT,,"address,address-parser,binding,international,nlp",libpostal,libpostal
N,,,,,TRUE,FALSE,FALSE,,1572584,2895492,Binding,CPAN,Geo-libpostal,https://github.com/dnmfarrell/Geo-libpostal,2016-07-12 4:45:34,7,libpostal,Perl bindings for libpostal,dnmfarrell/Geo-libpostal,Perl bindings for libpostal,,BSD-2-Clause-FreeBSD,0,,0,11685634,GitHub,FALSE,3,BSD-2-Clause,,,libpostal,libpostal
N,,,,,TRUE,FALSE,FALSE,,3211033,2895492,Binding,Hackage,haskell-postal,https://github.com/netom/haskell-postal,2018-08-13 11:00:06,5,libpostal,Provides an interface for the libpostal NLP library,netom/haskell-postal,Haskell binding for the libpostal library,"mit,natural-language-processing,program,Propose Tags ,NLP.Postal,,https://github.com/openvenues/libpostal",MIT,0,,0,36455250,GitHub,FALSE,0,MIT,,,libpostal,libpostal
N,,,,,TRUE,FALSE,FALSE,,4220686,2895492,Binding,Cargo,postal,https://github.com/pnordahl/rust-postal,2019-07-09 19:02:31,5,libpostal,FFI bindings and safe interface to libpostal,pnordahl/rust-postal,Rust FFI bindings and safe interface to libpostal.,"postal,libpostal",MIT,0,,0,39103935,GitHub,FALSE,4,MIT,,,libpostal,libpostal
N,,,,async,TRUE,TRUE,FALSE,,4264631,2895492,Binding,NPM,postal-async,https://github.com/pirxpilot/postal-async,2019-07-26 5:32:17,4,libpostal,Async NAPI based interface for libpostal.,pirxpilot/postal-async,Async NAPI based interface for libpostal,"libpostal,postal",MIT,1,,1,39149192,GitHub,FALSE,0,,,,libpostal,libpostal
Y,,,,,TRUE,FALSE,FALSE,TRUE,1201908,3109714,Binding,Pypi,tensorflow,,,82,tensorflow,TensorFlow is an open source machine learning framework for everyone.,,,tensorflow tensor machine learning,Apache-2.0,12,,11262,,,,,,,,,
N,,,"20, check https://github.com/tensorflow/rust/blob/v0.14.0/tensorflow-sys/build.rs",,TRUE,FALSE,TRUE,,1436440,3109714,Binding,Cargo,tensorflow,https://github.com/tensorflow/rust,,20,tensorflow,Rust language bindings for TensorFlow.,tensorflow/rust,Rust language bindings for TensorFlow,"bindings,tensorflow",Apache-2.0,7,,20,4944486,GitHub,FALSE,2064,Apache-2.0,,"machine-learning,rust,tensorflow",,
N,,,"0.7~1.13.1 used ""latest"" tensorflow, aligned at 1.14.0 and 2.0.0, check https://github.com/rstudio/tensorflow/blob/2.0.0/R/install.R",,TRUE,FALSE,FALSE,,2190854,3109714,Binding,CRAN,tensorflow,https://github.com/rstudio/tensorflow,2017-03-22 0:00:00,16,TensorFlow,R Interface to 'TensorFlow',rstudio/tensorflow,TensorFlow for R,,Apache-2.0,14,,40,13782163,GitHub,FALSE,1154,Apache-2.0,,,tensorflow,tensorflow
N,,,"4, 3 for 1.0.0 and 1 for 1.9.0, see docker file https://github.com/tensorflow/haskell/blob/v0.2.0.0/docker/Dockerfile, and the changelog",,TRUE,TRUE,TRUE,,2279315,3109714,Binding,Hackage,tensorflow,https://github.com/tensorflow/haskell,2017-05-10 22:53:55,4,TensorFlow,Haskell bindings for TensorFlow,tensorflow/haskell,Haskell bindings for TensorFlow,"machine-learning,Propose Tags ",Other,0,,6,14754130,GitHub,FALSE,984,Apache-2.0,,,tensorflow,tensorflow
Y,,,"no 2.x, wrong published 0.13.0, 0.13.1, 1.2.2",,TRUE,FALSE,FALSE,,2290464,3109714,Binding,NuGet,TensorFlowSharp,https://github.com/migueldeicaza/TensorFlowSharp,2017-05-21 3:34:00,31,TensorFlow,.NET Bindings for TensorFlow,migueldeicaza/TensorFlowSharp,TensorFlow API for .NET languages,"machine-learning,tensorflow,xamarin,c#,f#",MIT,5,,30,18726569,GitHub,FALSE,2781,MIT,Removed,"c-sharp,dot-net,f-sharp,machine-learning,mono,tensorflow,xamarin",tensorflow,tensorflow
N,,,"4, 1.2.5 was yanked https://rubygems.org/gems/tensorflow/versions/1.2.5",,TRUE,FALSE,FALSE,,2299279,3109714,Binding,Rubygems,tensorflow,https://github.com/ankane/tensorflow,,4,tensorflow,TensorFlow - the end-to-end machine learning platform - for Ruby,ankane/tensorflow,TensorFlow - the end-to-end machine learning platform - for Ruby,,MIT,0,,0,39323364,GitHub,FALSE,140,MIT,,,,
N,,,"12,  check https://github.com/kieranbrowne/clojure-tensorflow/blob/master/project.clj",,TRUE,FALSE,FALSE,,2607982,3109714,Binding,Clojars,clojure-tensorflow,https://github.com/kieranbrowne/clojure-tensorflow,2018-02-07 13:47:09,12,TensorFlow,A very light layer over Java interop for working with TensorFlow,kieranbrowne/clojure-tensorflow,An extremely light layer over TensorFlow's Java api,,EPL-1.0,0,,0,23762545,GitHub,FALSE,60,EPL-1.0,,"clojure,interop,tensorflow",tensorflow,tensorflow
N,,,"74, Vanilla JavaScript (Pure JS) CPU version, https://www.tensorflow.org/js/guide/nodejs",,TRUE,TRUE,TRUE,,2708448,3109714,Project,NPM,@tensorflow/tfjs,https://github.com/tensorflow/tfjs,2018-03-14 0:16:45,74,,An open-source machine learning framework.,tensorflow/tfjs,A WebGL accelerated JavaScript library for training and deploying ML models.,,Apache-2.0,190,,660,34803318,GitHub,FALSE,12417,Apache-2.0,,"deep-learning,deep-neural-network,gpu-acceleration,javascript,machine-learning,neural-network,typescript,wasm,web-assembly,webgl",,
N,,,"CPU version, moved from https://github.com/tensorflow/tfjs-core (until 1.2.7) to https://github.com/tensorflow/tfjs",,TRUE,TRUE,TRUE,,2796830,3109714,Linked Binding,NPM,@tensorflow/tfjs-node,https://github.com/tensorflow/tfjs,2018-05-08 18:06:19,51,,"This repository provides native TensorFlow execution in backend JavaScript applications under the Node.js runtime, accelerated by the TensorFlow C binary under the hood. It provides the same API as [TensorFlow.js](https://js.tensorflow.org/api/latest/).",tensorflow/tfjs,A WebGL accelerated JavaScript library for training and deploying ML models.,,Apache-2.0,107,,219,34803318,GitHub,FALSE,12417,Apache-2.0,,"deep-learning,deep-neural-network,gpu-acceleration,javascript,machine-learning,neural-network,typescript,wasm,web-assembly,webgl",,
N,,,,,TRUE,FALSE,FALSE,,2828553,3109714,Binding,Pub,tensorflow,https://github.com/thosakwe/tensorflow.dart,2018-05-21 7:53:01,1,Tensorflow,Native bindings for Tensorflow.,thosakwe/tensorflow.dart,Dart bindings for Tensorflow.,,Apache-2.0,0,,0,35878804,GitHub,FALSE,1,Apache-2.0,,,tensorflow,tensorflow
Y,,,no 2.x,,TRUE,TRUE,TRUE,,3137863,3109714,Linked Binding,Maven,org.tensorflow:parentpom,https://github.com/tensorflow/tensorflow,2017-03-24 6:23:12,31,,Parent POM for the artifacts for TensorFlow for Java,tensorflow/tensorflow,An Open Source Machine Learning Framework for Everyone,,Apache-2.0,0,,0,3109714,GitHub,FALSE,140006,Apache-2.0,,"deep-learning,deep-neural-networks,distributed,machine-learning,ml,neural-network,python,tensorflow",,
Y,,,,,TRUE,TRUE,TRUE,,3798689,3109714,Project,CocoaPods,TensorFlowLiteC,,2019-04-10 0:03:03,92,,TensorFlow Lite,tensorflow/tensorflow,An Open Source Machine Learning Framework for Everyone,,Apache-2.0,0,,8,3109714,GitHub,FALSE,140006,Apache-2.0,,"deep-learning,deep-neural-networks,distributed,machine-learning,ml,neural-network,python,tensorflow",,
N,,,,,TRUE,FALSE,FALSE,,1682828,7226741,Binding,NPM,node-nnpack,https://github.com/silklabs/node-nnpack,2016-09-18 16:42:49,1,NNPACK,Node bindings for NNPACK,silklabs/node-nnpack,Node bindings for NNPACK,NNPACK,MIT,0,,0,13517864,GitHub,FALSE,2,MIT,,,nnpack,nnpack
N,,,,,TRUE,FALSE,FALSE,,1627986,9641756,Binding,Rubygems,openai-gym-ruby,https://github.com/kojix2/openai_gym,,3,OpenAI gym,"OpenAI gym interface for Ruby (for fun, not for serious use)",kojix2/openai_gym,"simple OpenAI Gym interface for Ruby (for fun, not for serious use)",,MIT,0,,0,12978700,GitHub,FALSE,0,MIT,,,openai gym,openaigym
N,,,,,TRUE,FALSE,FALSE,,1929070,9641756,Binding,Rubygems,openai-ruby-client,https://github.com/MatthiasRMS/OpenAi-gym-ruby,,2,OpenAi Gym,Ruby client for OpenAi Gym,MatthiasRMS/OpenAi-gym-ruby,,,MIT,0,,0,16213429,GitHub,FALSE,1,,,,openai gym,openaigym
Y,,,"more releases on PyPI, check https://github.com/openai/gym/blob/master/gym/version.py",,TRUE,TRUE,TRUE,TRUE,1401801,9641756,Project,Pypi,gym,https://github.com/openai/gym,2016-04-27 17:01:35,84,,The OpenAI Gym: A toolkit for developing and comparing your reinforcement learning agents.,openai/gym,A toolkit for developing and comparing reinforcement learning algorithms.,,Other,21,,1781,9641756,GitHub,FALSE,19351,Other,,,,
N,,,,,TRUE,FALSE,FALSE,,2556255,9641756,Binding,Hackage,gym-http-api,https://github.com/stites/gym-http-api,2017-12-04 23:25:20,2,gym,"This library provides a REST client to the gym open-source library. gym-http-api itself provides a python-based REST server to the gym open-source library, allowing development in languages other than python.  Note that the openai/gym-http-api is a monorepo of all language-clients. This hackage library tracks stites/gym-http-api which is the actively-maintained haskell fork.",stites/gym-http-api,API to access OpenAI Gym from other languages via HTTP,"library,mit,program,web,Propose Tags ,openai/gym-http-api,python-based REST server",MIT,0,,0,30733825,GitHub,TRUE,0,MIT,,,gym,gym
N,,,,,TRUE,FALSE,FALSE,,1767424,9641756,Binding,CRAN,gym,https://github.com/paulhendricks/gym-R,,1,OpenAI Gym,Provides Access to the OpenAI Gym API,paulhendricks/gym-R,An R package providing access to the OpenAI Gym API,,MIT,0,,0,14985688,GitHub,FALSE,16,,,,openai gym,openaigym
Y,,,https://github.com/mozilla/DeepSpeech,,TRUE,TRUE,TRUE,TRUE,2524869,10661363,Project,Pypi,deepspeech,https://github.com/mozilla/DeepSpeech,2017-11-17 18:16:34,61,,A library for running inference on a DeepSpeech model,mozilla/DeepSpeech,A TensorFlow implementation of Baidu's DeepSpeech architecture,,MPL-2.0,0,,29,10661363,GitHub,FALSE,12710,MPL-2.0,,"deep-learning,machine-learning,neural-networks,speech-recognition,speech-to-text,tensorflow",,
Y,,,,,TRUE,TRUE,TRUE,,2530459,10661363,Linked Binding,NPM,deepspeech,https://github.com/mozilla/DeepSpeech,2017-11-22 0:45:32,60,,DeepSpeech NodeJS bindings,mozilla/DeepSpeech,A TensorFlow implementation of Baidu's DeepSpeech architecture,,MPL-2.0,5,,23,10661363,GitHub,FALSE,12710,MPL-2.0,,"deep-learning,machine-learning,neural-networks,speech-recognition,speech-to-text,tensorflow",,
Y,,,https://github.com/RustAudio/deepspeech-rs,,TRUE,FALSE,FALSE,,2544751,10661363,Binding,Cargo,deepspeech,https://github.com/RustAudio/deepspeech-rs,2017-11-26 15:25:32,8,DeepSpeech,Rust bindings to Mozilla's DeepSpeech STT implementation,RustAudio/deepspeech-rs,Rust bindings for the deepspeech library,,"MIT,Apache-2.0",0,,1,30453525,GitHub,FALSE,78,Other,,,deepspeech,deepspeech
Y,,,,,TRUE,TRUE,TRUE,,3491004,10661363,Project,NuGet,DeepSpeech,https://github.com/mozilla/DeepSpeech,2018-12-23 12:53:15,6,,A library for running inference with a DeepSpeech model,mozilla/DeepSpeech,A TensorFlow implementation of Baidu's DeepSpeech architecture,"speech,native,speech_recognition",MPL-2.0,0,,0,10661363,GitHub,FALSE,12710,MPL-2.0,,"deep-learning,machine-learning,neural-networks,speech-recognition,speech-to-text,tensorflow",,
N,,,,,TRUE,FALSE,FALSE,,2153490,13090304,Binding,CPAN,AI-NNVMCAPI,,2017-02-13 7:00:14,8,nnvm,Swig interface to nnvm c api,,,,Apache-2.0,1,,0,,,,,,,,nnvm,nnvm
Y,,,,,TRUE,TRUE,TRUE,TRUE,2333363,14331537,Linked Binding,Pypi,lightgbm,https://github.com/microsoft/LightGBM,2017-06-17 10:39:03,20,,LightGBM Python Package,microsoft/LightGBM,"A fast, distributed, high performance gradient boosting (GBT, GBDT, GBRT, GBM or MART) framework based on decision tree algorithms, used for ranking, classification and many other machine learning tasks.",,MS-PL,7,,278,14331537,GitHub,FALSE,10242,MIT,,"data-mining,decision-trees,distributed,gbdt,gbm,gbrt,gradient-boosting,kaggle,lightgbm,machine-learning,microsoft,parallel,python,r",,
N,,,,,TRUE,FALSE,FALSE,,3549704,14331537,Binding,NuGet,LightGBMSharp,https://github.com/ttustonic/LightGBMSharp,2018-05-08 19:04:22,1,LightGBM,C# binding for the LightGBM,ttustonic/LightGBMSharp,C# binding for the LightGBM,,MIT,0,,0,34709813,GitHub,FALSE,7,MIT,,,lightgbm,lightgbm
N,,,,,TRUE,FALSE,FALSE,,4314311,14331537,Binding,Rubygems,lightgbm,https://github.com/ankane/lightgbm,,8,LightGBM,LightGBM - the high performance machine learning library - for Ruby,ankane/lightgbm,LightGBM - the high performance machine learning library - for Ruby,,MIT,1,,1,39201685,GitHub,FALSE,33,MIT,,"lightgbm,machine-learning,rubyml",lightgbm,lightgbm
Y,,,do not have alignment btw 0.4.2 ~ 0.14.0a4,,TRUE,FALSE,TRUE,TRUE,772027,15766571,Project,Pypi,rasa,https://github.com/rasahq/rasa,,105,rasa,"Open source machine learning framework to automate text- and voice-based conversations: NLU, dialogue management, connect to Slack, Facebook, and more - Create chatbots and voice assistants",RasaHQ/rasa,"💬 Open source machine learning framework to automate text- and voice-based conversations: NLU, dialogue management, connect to Slack, Facebook, and more - Create chatbots and voice assistants",nlp machine-learning machine-learning-library bot bots botkit rasa conversational-agents conversational-ai chatbotchatbot-framework bot-framework,Apache-2.0,0,,32,15766571,GitHub,FALSE,7455,Apache-2.0,,"bot,bot-framework,botkit,bots,chatbot,chatbots,chatbots-framework,conversational-agents,conversational-ai,conversational-bots,luis,machine-learning,machine-learning-library,mitie,natural-language-processing,nlp,nlu,rasa,spacy,wit",,
N,,,"1, client API, no alignment found, https://github.com/Hexastack/rasa-api",,TRUE,FALSE,FALSE,,3691610,15766571,Binding,NPM,rasa-api,https://github.com/Hexastack/rasa-api,2019-02-21 12:01:36,1,rasa,"Implementation of rasa api, provides methods to easily manage your rasa app",Hexastack/rasa-api,rasa-api is a node package that allows you to easily configure and train your NLP through Rasa HTTP API.,"rasa,api,nlp,rasa-api,ai,bot,chatbot,ES6",BSD-4-Clause,0,,0,38080107,GitHub,FALSE,1,Other,,,rasa,rasa
N,,,,,TRUE,FALSE,FALSE,,4256840,15766571,Binding,NPM,rasacli,https://github.com/rgstephens/rasacli,2019-07-23 5:05:24,15,Rasa,Rasa API CLI,rgstephens/rasacli,Rasa API CLI Utility,oclif,MIT,0,,0,39140177,GitHub,FALSE,2,,,,rasa,rasa
Y,,,,,TRUE,TRUE,TRUE,TRUE,2343634,17894687,Project,Pypi,BigDL,https://github.com/intel-analytics/Bigdl,2017-06-27 8:11:51,31,,Distributed Deep Learning Library for Apache Spark,intel-analytics/BigDL,BigDL: Distributed Deep Learning Library for Apache Spark,,Apache-2.0,0,,2,17894687,GitHub,FALSE,3177,Apache-2.0,,"ai,big-data,deep-learning,hadoop,keras,neural-network,python,scala,spark",,
Y,,,,both official,TRUE,TRUE,TRUE,,2592754,17894687,Binding,Maven,com.intel.analytics.bigdl.core.dist:all,https://github.com/intel-analytics/BigDL-core,2018-01-03 3:57:31,8,BigDL,Native library for BigDL.,intel-analytics/BigDL-core,Core HW bindings and optimizations for BigDL,,Apache-2.0,0,,5,22125224,GitHub,FALSE,25,,,,bigdl,bigdl
Y,,,,,TRUE,FALSE,TRUE,TRUE,2198359,18883757,Binding,Pypi,torch,,,16,torch,Tensors and Dynamic neural networks in Python with strong GPU acceleration,,,pytorch machine learning,BSD-1-Clause,77,,2674,,,,,,,,,
N,,,"5, check https://github.com/xamarin/TorchSharp/blame/release/0.2/build/Dependencies.props",,TRUE,FALSE,FALSE,,3393696,18883757,Binding,NuGet,TorchSharp,https://github.com/xamarin/TorchSharp,,5,Torch,.NET Bindings for Torch.,xamarin/TorchSharp,.NET bindings for the Pytorch engine,"DNN,PyTorch,TorchSharp,LibTorch,Torch,DL,ML,Machine,Learning,Neural,Network,Deep",MIT,0,,0,36920587,GitHub,FALSE,108,MIT,,,torch,torch
N,,,"12, https://crates.io/crates/tch, check https://github.com/LaurentMazare/tch-rs/commit/8ac1d9d1494121702e4c09fa1b36cd3b813584f5#diff-2e9d962a08321605940b5a657135052fbcef87b5e360662bb527c96d9a615542",,TRUE,FALSE,FALSE,,3702679,18883757,Binding,Cargo,tch,https://github.com/LaurentMazare/tch-rs,,12,PyTorch,Rust wrappers for the PyTorch C++ api (libtorch).,LaurentMazare/tch-rs,Rust bindings for PyTorch,"machine-learning,deep-learning,pytorch","MIT,Apache-2.0",0,,1,38113379,GitHub,FALSE,394,Other,,"deep-learning,machine-learning,neural-network,pytorch,rust",pytorch,pytorch
N,,,"1, alignment not found, https://github.com/f0nzie/rTorch/tree/v0.0.3",,TRUE,FALSE,FALSE,,4294709,18883757,Binding,CRAN,rTorch,https://github.com/f0nzie/rTorch,,1,PyTorch,R Bindings to 'PyTorch',f0nzie/rTorch,PyTorch bindings for R,,MIT,0,,0,31688181,GitHub,FALSE,24,Other,,"deep-learning,gpu-computing,machine-learning-library,neural-networks,python,r-package,rstats",pytorch,pytorch
Y,,,"4, aligned after 1.3.0",,TRUE,TRUE,TRUE,,4427969,18883757,Linked Binding,CocoaPods,LibTorch,,2019-09-18 0:05:04,4,,The PyTorch C++ library for iOS,pytorch/pytorch,Tensors and Dynamic neural networks in Python with strong GPU acceleration,,BSD-3-Clause,0,,12,18883757,GitHub,FALSE,35004,Other,,"autograd,deep-learning,gpu,machine-learning,neural-network,numpy,python,tensor",,
Y,,,"released earlier than GitHub, sync from 0.3.1 https://github.com/weld-project/weld/releases",,TRUE,TRUE,TRUE,TRUE,2448779,21966222,Project,Cargo,weld,https://github.com/weld-project/weld,2017-09-04 18:18:19,4,,Weld is a language and runtime for improving the performance of data-intensive applications.,weld-project/weld,High-performance runtime for data analytics applications,,BSD-3-Clause,1,,1,21966222,GitHub,FALSE,1261,BSD-3-Clause,,"analytics,code-generation,data,llvm,machine-learning,pandas,performance,rust,stanford",,
N,,,"6, alignment not found https://pypi.org/project/pyweld/#history",,TRUE,TRUE,TRUE,,2643500,21966222,Project,Pypi,pyweld,https://github.com/weld-project/weld,2017-09-27 20:03:37,6,,High-performance runtime for data analytics applications,weld-project/weld,High-performance runtime for data analytics applications,,BSD-3-Clause,0,,2,21966222,GitHub,FALSE,1261,BSD-3-Clause,,"analytics,code-generation,data,llvm,machine-learning,pandas,performance,rust,stanford",,
N,,,,one eco - unofficial,TRUE,FALSE,FALSE,,2643447,23627772,Binding,Pypi,pyberrynet,https://github.com/wliu2016/PyBerryNet,2017-09-29 14:39:00,2,BerryNet,A Python API for BerryNet: A Gateway for Deep Learning On Raspberry Pi 3,wenlong-liu/PyBerryNet,A Python API for BerryNet: A Gateway for Deep Learning On Raspberry Pi,"RPi3,Python,YOLO,tensorflow",Other,0,,0,28720873,GitHub,FALSE,2,GPL-3.0,,,berrynet,berrynet
N,,,,see this issue (https://github.com/CMU-Perceptual-Computing-Lab/openpose/issues/1250). one eco - unofficial,TRUE,FALSE,FALSE,,3624809,23744105,Binding,NuGet,OpenPoseDotNet,https://github.com/takuya-takeuchi/OpenPoseDotNet,2019-01-15 15:51:00,2,OpenPose,"OpenPose wrapper library written in C++ and C# for Windows, MacOS and Linux  Requirements: openpose.dll (Windows), libopenpose.so (Linux), libopenpose.dylib (MacOSX)",takuya-takeuchi/OpenPoseDotNet,OpenPose wrapper written in C++ and C# for Windows,".net,machinelearning,openpose,human-pose-estimation",MIT,0,,0,37775935,GitHub,FALSE,3,MIT,,"dotnet,human-pose-estimation,machine-learning,openpose,windows",openpose,openpose
Y,,,,,TRUE,FALSE,TRUE,TRUE,2366407,26213560,Binding,Pypi,catboost,,2017-07-17 14:46:45,81,Catboost,Catboost Python Package,,,catboost,Apache-2.0,0,,81,,,,,,,,catboost,catboost
N,,,,add official binding,TRUE,FALSE,FALSE,,3195384,26213560,Binding,NPM,catboost,https://github.com/quickdevel/node-catboost,2018-08-01 7:31:05,3,CatBoost,CatBoost wrapper for Node.js,quickdevel/node-catboost,CatBoost wrapper for Node.js,"catboost,gradient boosting,machine learning",MIT,0,,0,36395878,GitHub,FALSE,0,MIT,,,catboost,catboost
N,,,,add the source package,TRUE,FALSE,FALSE,,4776288,26463085,Binding,NuGet,NcnnDotNet,https://github.com/takuya-takeuchi/NcnnDotNet,2020-01-03 11:58:38,2,ncnn,"ncnn wrapper library written in C++ and C# for Windows, MacOS and Linux  Requirements: Visual C++ 2017 Redistributable Package",takuya-takeuchi/NcnnDotNet,"ncnn .NET wrapper written in C++ and C# for Windows, MacOS and Linux","neural-network,ncnn,.net",MIT,1,,0,41243524,GitHub,FALSE,4,MIT,,"dotnet,linux,macos,ncnn,neural-network,windows",ncnn,ncnn
N,,,"6, not indicated, https://github.com/SeldonIO/seldon-java-wrapper",,TRUE,FALSE,TRUE,,3144531,31205125,Binding,Maven,io.seldon.wrapper:seldon-core-wrapper,https://github.com/SeldonIO/seldon-java-wrapper,2018-04-09 18:32:43,6,seldon-core,Wrapper for seldon-core Java prediction models. Allows easy creation of a Spring Boot app with Tomcat and gRPC servers for handling the microservice APIs for seldon-core.,SeldonIO/seldon-java-wrapper,Wrap java code for use with seldon-core,,Apache-2.0,0,,1,38194855,GitHub,FALSE,0,Apache-2.0,,,seldon core,seldoncore
Y,,,"add a number after the patch number. less in PyPI than GitHub, https://pypi.org/project/seldon-core/#history",,TRUE,TRUE,TRUE,,3469548,31205125,Linked Binding,Pypi,seldon-core,https://github.com/SeldonIO/seldon-core,2018-12-17 12:20:21,15,,Seldon Core client and microservice wrapper,SeldonIO/seldon-core,Machine Learning Deployment for Kubernetes,,Apache-2.0,0,,13,31205125,GitHub,FALSE,1296,Apache-2.0,,"aiops,deployment,kubernetes,machine-learning,machine-learning-operations,mlops,production-machine-learning,serving",,
N,,,,,TRUE,FALSE,FALSE,,3182090,34214892,Binding,Cargo,porcupine-sys,https://github.com/veandco/porcupine-sys,2018-07-23 7:00:12,1,Porcupine,Rust bindings to Porcupine,veandco/porcupine-sys,Rust bindings to Porcupine,,MIT,0,,0,36357183,GitHub,FALSE,3,MIT,,,porcupine,porcupine
N,,,,,TRUE,TRUE,TRUE,,4220373,34214892,Project,NPM,@picovoice/porcupine_manager,https://github.com/Picovoice/Porcupine,2019-07-09 20:37:51,15,,wake word detection & voice command engine running locally in browser,Picovoice/porcupine,On-device wake word detection powered by deep learning.,"wake word,hotword,voice commands,speech recognition,private,offline,realtime,real-time",Apache-2.0,0,,2,34214892,GitHub,FALSE,1853,Apache-2.0,,"android,cortex-m,deep-learning,hotword,hotword-detection,ios,iot,java,javascript,keyword-spotting,python,raspberry-pi,swift,trigger-word-detection,voice-as-an-interface,voice-commands,voice-control,wake-word-detection,wakeword,webassembly",,
N,,,,,TRUE,TRUE,TRUE,,4518057,34214892,Project,Pypi,pvporcupine,https://github.com/Picovoice/porcupine,2019-10-10 3:51:47,4,,On-device wake word detection powered by deep learning.,Picovoice/porcupine,On-device wake word detection powered by deep learning.,,Apache-2.0,0,,0,34214892,GitHub,FALSE,1853,Apache-2.0,,"android,cortex-m,deep-learning,hotword,hotword-detection,ios,iot,java,javascript,keyword-spotting,python,raspberry-pi,swift,trigger-word-detection,voice-as-an-interface,voice-commands,voice-control,wake-word-detection,wakeword,webassembly",,
N,,,"1, alignment unknown, https://github.com/awssat/imageAi",,TRUE,FALSE,FALSE,,4079426,34319630,Binding,Packagist,awssat/imageai,https://github.com/awssat/imageAi,2019-06-11 13:32:04,1,imageAi,Wrapper for imageAi in PHP,awssat/imageAi,Wrapper for imageAi (python) in php,"awssat,imageAi",MIT,0,,0,38985618,GitHub,FALSE,0,MIT,,,imageai,imageai
Y,,,"more releases in PyPI than GitHub, newer releases",,TRUE,TRUE,TRUE,TRUE,4108004,34319630,Project,Pypi,imageai,https://github.com/OlafenwaMoses/ImageAI,2019-06-13 16:33:46,8,,A python library built to empower developers to build applications and systems  with self-contained Computer Vision capabilities,OlafenwaMoses/ImageAI,A python library built to empower developers to build applications and systems  with self-contained Computer Vision capabilities,,MIT,0,,12,34319630,GitHub,FALSE,4252,MIT,,"ai-practice-recommendations,algorithm,artificial-intelligence,artificial-neural-networks,densenet,detection,gpu,image-prediction,image-recognition,imageai,inceptionv3,machine-learning,object-detection,offline-capable,prediction,python,python3,squeezenet,video",,
Y,,,https://github.com/mlflow/mlflow/blob/v1.13.0/mlflow/R/mlflow/DESCRIPTION,,TRUE,TRUE,TRUE,,3289674,36741211,Linked Binding,CRAN,mlflow,https://github.com/mlflow/mlflow,2018-10-06 0:00:00,10,,Interface to 'MLflow',mlflow/mlflow,Open source platform for the machine learning lifecycle,,Apache-2.0,0,,1,36741211,GitHub,FALSE,5459,Apache-2.0,,"ai,apache-spark,machine-learning,ml,mlflow,model-management",,
N,,,"10, , REST API, https://github.com/Yuhsak/mlflow",,TRUE,FALSE,FALSE,,3472099,36741211,Binding,NPM,mlflow,https://github.com/Yuhsak/mlflow,2018-12-18 10:05:04,10,MLflow,MLflow api client for Node.js,Yuhsak/mlflow,MLflow api client for Node.js,ml-flow,MIT,0,,0,39221426,GitHub,FALSE,0,MIT,,,mlflow,mlflow
Y,,,https://github.com/mlflow/mlflow/blob/v1.13.0/mlflow/java/pom.xml,,TRUE,TRUE,TRUE,,3723319,36741211,Project,Maven,org.mlflow:mlflow-parent,https://github.com/mlflow/mlflow,2018-09-17 15:05:21,5,,Open source platform for the machine learning lifecycle,mlflow/mlflow,Open source platform for the machine learning lifecycle,,Apache-2.0,0,,0,36741211,GitHub,FALSE,5459,Apache-2.0,,"ai,apache-spark,machine-learning,ml,mlflow,model-management",,
Y,,,,,TRUE,TRUE,TRUE,TRUE,3446917,36916440,Project,Pypi,bert-serving-client,https://github.com/hanxiao/bert-as-service,2018-12-06 6:13:23,56,,Mapping a variable-length sentence to a fixed-length vector using BERT model (Client),hanxiao/bert-as-service,Mapping a variable-length sentence to a fixed-length vector using BERT model,bert nlp tensorflow machine learning sentence encoding embedding serving,MIT,1,,17,36916440,GitHub,FALSE,6379,MIT,,"ai,bert,deep-learning,deep-neural-networks,machine-learning,natural-language-processing,natural-language-understanding,nlp,sentence-encoding,tensorflow,word-embedding",,
N,,,,,TRUE,FALSE,FALSE,,4347686,36916440,Binding,NPM,bert-as-service,https://github.com/gafotech/bert-as-service,2019-08-26 18:09:42,2,bert-as-service,bert-as-service client for NodeJS,gafotech/bert-as-service,Node bert-as-service client for mapping variable-length sentences to fixed-length vectors using BERT,"BERT,bert-as-service,NLP,word,vectors,word,embeddings,vectorize",MIT,0,,0,39235001,GitHub,FALSE,0,MIT,,,bert as service,bertasservice
Y,,,"different releases with GitHub tags, https://pypi.org/project/onnxruntime/#history",,TRUE,FALSE,FALSE,,3263375,37310670,Binding,Pypi,onnxruntime,,,9,onnxruntime,ONNX Runtime Python bindings,,,,MIT,0,,33,,,,,,,,,
Y,,,"different releases with GitHub tags, https://github.com/microsoft/onnxruntime/blob/master/VERSION_NUMBER",,TRUE,TRUE,TRUE,,3657657,37310670,Linked Binding,NuGet,Microsoft.ML.OnnxRuntime,https://github.com/Microsoft/onnxruntime,2018-12-01 2:37:15,10,,This package contains ONNX Runtime for .Net platforms,microsoft/onnxruntime,"ONNX Runtime: cross-platform, high performance scoring engine for ML models","ONNX,Runtime,Learning,Machine",MIT,3,,8,37310670,GitHub,FALSE,1561,MIT,,"ai-framework,deep-learning,hardware-acceleration,machine-learning,neural-networks,onnx",,
Y,,,check https://github.com/fs-eire/onnxjs-node/blob/v0.0.4/CMakeLists.txt#L29,,TRUE,FALSE,FALSE,,3698104,37310670,Binding,NPM,onnxjs-node,https://github.com/fs-eire/onnxjs-node,2019-02-26 13:19:55,6,ONNXRuntime,a Node.js binding of ONNXRuntime that works seamlessly with ONNX.js,fs-eire/onnxjs-node,ONNX.js node binding (onnxruntime),"ONNXRuntime,ONNX.js",MIT,1,,1,38108864,GitHub,FALSE,0,Other,,,onnxruntime,onnxruntime
N,,,"6, check https://github.com/ankane/onnxruntime/blob/v0.2.1/Rakefile#L23 >=0.2.1,  check https://github.com/ankane/onnxruntime/blob/v0.1.0/test/onnxruntime_test.rb#L5 < 0.2.1",,TRUE,FALSE,FALSE,,4348498,37310670,Binding,Rubygems,onnxruntime,https://github.com/ankane/onnxruntime,,6,onnxruntime,High performance scoring engine for ML models,ankane/onnxruntime,ONNX Runtime - the high performance scoring engine for ML models - for Ruby,,MIT,0,,0,39235971,GitHub,FALSE,15,Other,,,,